ligand_id,ligand,protein_path
"NAD-Ribose",c1nc(c2c(n1)n(cn2)[C@H]3[C@@H]([C@@H]([C@H](O3)COP(=O)(O)OP(=O)(O)OC[C@@H]4[C@H]([C@H]([C@H](O4)O)O)O)O)O)N,/tmp/pdb/4bn4_protein_stripped_no_ions.pdb
5514,O=C(COC1=CC=C(C[C@H](OCC)C(N(C)OC)=O)C=C1)C2=CC(OC)=CC=C2,/tmp/pdb/4bn4_protein_stripped_no_ions.pdb
Udenafil,CCCOC1=C(C=C(C=C1)S(=O)(=O)NCCC1CCCN1C)C1=NC(=O)C2=C(N1)C(CCC)=NN2C,/tmp/pdb/4bn4_protein_stripped_no_ions.pdb
Tolterodine,CC(C)N(CC[C@H](C1=CC=CC=C1)C1=C(O)C=CC(C)=C1)C(C)C,/tmp/pdb/4bn4_protein_stripped_no_ions.pdb
Disopyramide,CC(C)N(CCC(C(N)=O)(C1=CC=CC=C1)C1=CC=CC=N1)C(C)C,/tmp/pdb/4bn4_protein_stripped_no_ions.pdb
Phenprocoumon,CCC(C1=CC=CC=C1)C1=C(O)C2=C(OC1=O)C=CC=C2,/tmp/pdb/4bn4_protein_stripped_no_ions.pdb
Azacitidine,NC1=NC(=O)N(C=N1)[C@@H]1O[C@H](CO)[C@@H](O)[C@H]1O,/tmp/pdb/4bn4_protein_stripped_no_ions.pdb
Cyanocobalamin,OC[C@H]1O[C@@H]([C@H](O)[C@@H]1OP(O)(=O)O[C@]([H])(C)CNC(=O)CC[C@]1(C)[C@@H](CC(=O)N)[C@@]2([H])N([Co]C#N)\C1=C(C)/C1=N/C(=C\C3=N\C(=C(C)/C4=N[C@]2(C)[C@@](C)(CC(=O)N)[C@@H]4CCC(=O)N)\[C@@](C)(CC(=O)N)[C@@H]3CCC(=O)N)/C(C)(C)[C@@H]1CCC(=O)N)N1C=NC2=CC(C)=C(C)C=C12,/tmp/pdb/4bn4_protein_stripped_no_ions.pdb
Chlorpromazine,CN(C)CCCN1C2=CC=CC=C2SC2=C1C=C(Cl)C=C2,/tmp/pdb/4bn4_protein_stripped_no_ions.pdb
Minaprine,CC1=CC(=NN=C1NCCN1CCOCC1)C1=CC=CC=C1,/tmp/pdb/4bn4_protein_stripped_no_ions.pdb
Methazolamide,CN1N=C(S\C1=N/C(C)=O)S(N)(=O)=O,/tmp/pdb/4bn4_protein_stripped_no_ions.pdb
Demeclocycline,[H][C@]12C[C@@]3([H])[C@H](N(C)C)C(O)=C(C(N)=O)C(=O)[C@@]3(O)C(O)=C1C(=O)C1=C([C@H]2O)C(Cl)=CC=C1O,/tmp/pdb/4bn4_protein_stripped_no_ions.pdb
Voriconazole,C[C@@H](C1=NC=NC=C1F)[C@](O)(CN1C=NC=N1)C1=C(F)C=C(F)C=C1,/tmp/pdb/4bn4_protein_stripped_no_ions.pdb
Vorinostat,ONC(=O)CCCCCCC(=O)NC1=CC=CC=C1,/tmp/pdb/4bn4_protein_stripped_no_ions.pdb
Creatine,CN(CC(O)=O)C(N)=N,/tmp/pdb/4bn4_protein_stripped_no_ions.pdb
Gallamine Triethiodide,[I-].[I-].[I-].CC[N+](CC)(CC)CCOC1=CC=CC(OCC[N+](CC)(CC)CC)=C1OCC[N+](CC)(CC)CC,/tmp/pdb/4bn4_protein_stripped_no_ions.pdb
Alizapride,COC1=CC2=NNN=C2C=C1C(=O)NCC1CCCN1CC=C,/tmp/pdb/4bn4_protein_stripped_no_ions.pdb
Doxylamine,CN(C)CCOC(C)(C1=CC=CC=C1)C1=CC=CC=N1,/tmp/pdb/4bn4_protein_stripped_no_ions.pdb
Ceftazidime,[O-]C(=O)C1=C(CS[C@]2([H])[C@H](NC(=O)C(=N/OC(C)(C)C(O)=O)\C3=CSC(N)=N3)C(=O)N12)C[N+]1=CC=CC=C1,/tmp/pdb/4bn4_protein_stripped_no_ions.pdb
Marimastat,CNC(=O)[C@@H](NC(=O)[C@H](CC(C)C)[C@H](O)C(=O)NO)C(C)(C)C,/tmp/pdb/4bn4_protein_stripped_no_ions.pdb
Fluticasone Propionate,[H][C@@]12C[C@@H](C)[C@](OC(=O)CC)(C(=O)SCF)[C@@]1(C)C[C@H](O)[C@@]1(F)[C@@]2([H])C[C@H](F)C2=CC(=O)C=C[C@]12C,/tmp/pdb/4bn4_protein_stripped_no_ions.pdb
Irinotecan,CCC1=C2CN3C(=CC4=C(COC(=O)[C@]4(O)CC)C3=O)C2=NC2=C1C=C(OC(=O)N1CCC(CC1)N1CCCCC1)C=C2,/tmp/pdb/4bn4_protein_stripped_no_ions.pdb
Esmolol,COC(=O)CCC1=CC=C(OCC(O)CNC(C)C)C=C1,/tmp/pdb/4bn4_protein_stripped_no_ions.pdb
Cimetidine,C\N=C(\NCCSCC1=C(C)NC=N1)NC#N,/tmp/pdb/4bn4_protein_stripped_no_ions.pdb
Levothyroxine,N[C@@H](CC1=CC(I)=C(OC2=CC(I)=C(O)C(I)=C2)C(I)=C1)C(O)=O,/tmp/pdb/4bn4_protein_stripped_no_ions.pdb
Propiomazine,CCC(=O)C1=CC2=C(SC3=CC=CC=C3N2CC(C)N(C)C)C=C1,/tmp/pdb/4bn4_protein_stripped_no_ions.pdb
Glutethimide,CCC1(CCC(=O)NC1=O)C1=CC=CC=C1,/tmp/pdb/4bn4_protein_stripped_no_ions.pdb
Sulpiride,CCN1CCCC1CNC(=O)C1=C(OC)C=CC(=C1)S(N)(=O)=O,/tmp/pdb/4bn4_protein_stripped_no_ions.pdb
Nitrendipine,CCOC(=O)C1=C(C)NC(C)=C(C1C1=CC(=CC=C1)[N+]([O-])=O)C(=O)OC,/tmp/pdb/4bn4_protein_stripped_no_ions.pdb
Butethal,CCCCC1(CC)C(=O)NC(=O)NC1=O,/tmp/pdb/4bn4_protein_stripped_no_ions.pdb
Tasosartan,CC1=NC(C)=C2CCC(=O)N(CC3=CC=C(C=C3)C3=CC=CC=C3C3=NNN=N3)C2=N1,/tmp/pdb/4bn4_protein_stripped_no_ions.pdb
Tripelennamine,CN(C)CCN(CC1=CC=CC=C1)C1=CC=CC=N1,/tmp/pdb/4bn4_protein_stripped_no_ions.pdb
L-Asparagine,N[C@@H](CC(N)=O)C(O)=O,/tmp/pdb/4bn4_protein_stripped_no_ions.pdb
Sulfasalazine,OC(=O)C1=CC(=CC=C1O)\N=N\C1=CC=C(C=C1)S(=O)(=O)NC1=NC=CC=C1,/tmp/pdb/4bn4_protein_stripped_no_ions.pdb
Bupropion,CC(NC(C)(C)C)C(=O)C1=CC(Cl)=CC=C1,/tmp/pdb/4bn4_protein_stripped_no_ions.pdb
Potassium Chloride,[Cl-].[K+],/tmp/pdb/4bn4_protein_stripped_no_ions.pdb
Norgestimate,[H][C@@]12CC[C@@](OC(C)=O)(C#C)[C@@]1(CC)CC[C@]1([H])[C@@]3([H])CC\C(C=C3CC[C@@]21[H])=N/O,/tmp/pdb/4bn4_protein_stripped_no_ions.pdb
Isoetharine,CCC(NC(C)C)C(O)C1=CC(O)=C(O)C=C1,/tmp/pdb/4bn4_protein_stripped_no_ions.pdb
Yohimbine,[H][C@@]12CC[C@H](O)[C@H](C(=O)OC)[C@@]1([H])C[C@]1([H])N(CCC3=C1NC1=CC=CC=C31)C2,/tmp/pdb/4bn4_protein_stripped_no_ions.pdb
Agomelatine,COC1=CC2=C(C=CC=C2CCNC(C)=O)C=C1,/tmp/pdb/4bn4_protein_stripped_no_ions.pdb
Carbetocin,[H][C@]1(NC(=O)[C@H](CC2=CC=C(OC)C=C2)NC(=O)CCCSC[C@H](NC(=O)[C@H](CC(N)=O)NC(=O)[C@H](CCC(N)=O)NC1=O)C(=O)N1CCC[C@H]1C(=O)N[C@@H](CC(C)C)C(=O)NCC(N)=O)[C@@H](C)CC,/tmp/pdb/4bn4_protein_stripped_no_ions.pdb
L-Alanine,C[C@H](N)C(O)=O,/tmp/pdb/4bn4_protein_stripped_no_ions.pdb
Doxorubicin,COC1=CC=CC2=C1C(=O)C1=C(O)C3=C(C[C@](O)(C[C@@H]3O[C@H]3C[C@H](N)[C@H](O)[C@H](C)O3)C(=O)CO)C(O)=C1C2=O,/tmp/pdb/4bn4_protein_stripped_no_ions.pdb
Sodium Tetradecyl Sulfate,CCCCCCCCCCCCCCOS(O)(=O)=O,/tmp/pdb/4bn4_protein_stripped_no_ions.pdb
Paliperidone,CC1=C(CCN2CCC(CC2)C2=NOC3=C2C=CC(F)=C3)C(=O)N2CCCC(O)C2=N1,/tmp/pdb/4bn4_protein_stripped_no_ions.pdb
Lymecycline,[H][C@@]12C[C@@]3([H])C(C(=O)C4=C(O)C=CC=C4[C@@]3(C)O)=C(O)[C@]1(O)C(=O)C(C(=O)NCNCCCC[C@H](N)C(O)=O)=C(O)[C@H]2N(C)C,/tmp/pdb/4bn4_protein_stripped_no_ions.pdb
Loperamide,CN(C)C(=O)C(CCN1CCC(O)(CC1)C1=CC=C(Cl)C=C1)(C1=CC=CC=C1)C1=CC=CC=C1,/tmp/pdb/4bn4_protein_stripped_no_ions.pdb
Oxytetracycline,[H][C@@]12[C@@H](O)[C@@]3([H])C(C(=O)C4=C(O)C=CC=C4[C@@]3(C)O)=C(O)[C@]1(O)C(=O)C(C(N)=O)=C(O)[C@H]2N(C)C,/tmp/pdb/4bn4_protein_stripped_no_ions.pdb
Dantrolene,[O-][N+](=O)C1=CC=C(C=C1)C1=CC=C(O1)C=NN1CC(=O)NC1=O,/tmp/pdb/4bn4_protein_stripped_no_ions.pdb
L-Glutamine,N[C@@H](CCC(N)=O)C(O)=O,/tmp/pdb/4bn4_protein_stripped_no_ions.pdb
Carbamazepine,NC(=O)N1C2=CC=CC=C2C=CC2=CC=CC=C12,/tmp/pdb/4bn4_protein_stripped_no_ions.pdb
gamma-Homolinolenic acid,CCCCC\C=C/C\C=C/C\C=C/CCCCCCC(O)=O,/tmp/pdb/4bn4_protein_stripped_no_ions.pdb
Tranylcypromine,N[C@@H]1CC1C1=CC=CC=C1,/tmp/pdb/4bn4_protein_stripped_no_ions.pdb
Tadalafil,[H][C@]12CC3=C(NC4=CC=CC=C34)[C@H](N1C(=O)CN(C)C2=O)C1=CC2=C(OCO2)C=C1,/tmp/pdb/4bn4_protein_stripped_no_ions.pdb
Mianserin,CN1CCN2C(C1)C1=CC=CC=C1CC1=CC=CC=C21,/tmp/pdb/4bn4_protein_stripped_no_ions.pdb
Ganciclovir,NC1=NC(=O)C2=C(N1)N(COC(CO)CO)C=N2,/tmp/pdb/4bn4_protein_stripped_no_ions.pdb
Raloxifene,OC1=CC=C(C=C1)C1=C(C(=O)C2=CC=C(OCCN3CCCCC3)C=C2)C2=C(S1)C=C(O)C=C2,/tmp/pdb/4bn4_protein_stripped_no_ions.pdb
Trabectedin,[H][C@@]12CC3=C(C(O)=C(OC)C(C)=C3)[C@@]([H])(N1C)[C@@]1([H])N([C@H]2O)[C@@]2([H])COC(=O)[C@]3(CS[C@]1([H])C1=C(OC(C)=O)C(C)=C4OCOC4=C21)NCCC1=CC(O)=C(OC)C=C31,/tmp/pdb/4bn4_protein_stripped_no_ions.pdb
Phenylbutazone,CCCCC1C(=O)N(N(C1=O)C1=CC=CC=C1)C1=CC=CC=C1,/tmp/pdb/4bn4_protein_stripped_no_ions.pdb
Deferoxamine,CC(=O)N(O)CCCCCNC(=O)CCC(=O)N(O)CCCCCNC(=O)CCC(=O)N(O)CCCCCN,/tmp/pdb/4bn4_protein_stripped_no_ions.pdb
Trichlormethiazide,NS(=O)(=O)C1=C(Cl)C=C2NC(NS(=O)(=O)C2=C1)C(Cl)Cl,/tmp/pdb/4bn4_protein_stripped_no_ions.pdb
Bismuth Subsalicylate,O[Bi]1OC(=O)C2=CC=CC=C2O1,/tmp/pdb/4bn4_protein_stripped_no_ions.pdb
Vinblastine,[H][C@@]12N(C)C3=C(C=C(C(OC)=C3)[C@]3(C[C@@H]4CN(C[C@](O)(CC)C4)CCC4=C3NC3=CC=CC=C43)C(=O)OC)[C@@]11CCN3CC=C[C@@](CC)([C@@H](OC(C)=O)[C@]2(O)C(=O)OC)[C@@]13[H],/tmp/pdb/4bn4_protein_stripped_no_ions.pdb
Sulindac,CC1=C(CC(O)=O)C2=CC(F)=CC=C2\C1=C/C1=CC=C(C=C1)S(C)=O,/tmp/pdb/4bn4_protein_stripped_no_ions.pdb
Clofibrate,CCOC(=O)C(C)(C)OC1=CC=C(Cl)C=C1,/tmp/pdb/4bn4_protein_stripped_no_ions.pdb
Lurasidone,O=C1[C@H]2[C@@H]3CC[C@@H](C3)[C@H]2C(=O)N1C[C@@H]1CCCC[C@H]1CN1CCN(CC1)C1=NSC2=CC=CC=C12,/tmp/pdb/4bn4_protein_stripped_no_ions.pdb
Dexrazoxane,C[C@@H](CN1CC(=O)NC(=O)C1)N1CC(=O)NC(=O)C1,/tmp/pdb/4bn4_protein_stripped_no_ions.pdb
Oxycodone,[H][C@@]12OC3=C(OC)C=CC4=C3[C@@]11CCN(C)[C@]([H])(C4)[C@]1(O)CCC2=O,/tmp/pdb/4bn4_protein_stripped_no_ions.pdb
Potassium Iodide,[K+].[I-],/tmp/pdb/4bn4_protein_stripped_no_ions.pdb
Gadoxetate,[Na+].[Na+].[Gd+3].CCOC1=CC=C(CC(CN(CCN(CC([O-])=O)CC([O-])=O)CC([O-])=O)N(CC([O-])=O)CC([O-])=O)C=C1,/tmp/pdb/4bn4_protein_stripped_no_ions.pdb
Dipyridamole,OCCN(CCO)C1=NC2=C(N=C(N=C2N2CCCCC2)N(CCO)CCO)C(=N1)N1CCCCC1,/tmp/pdb/4bn4_protein_stripped_no_ions.pdb
Carglumic Acid,NC(=O)N[C@@H](CCC(O)=O)C(O)=O,/tmp/pdb/4bn4_protein_stripped_no_ions.pdb
Caffeine,CN1C=NC2=C1C(=O)N(C)C(=O)N2C,/tmp/pdb/4bn4_protein_stripped_no_ions.pdb
Ceftaroline fosamil,[H][C@]12SCC(SC3=NC(=CS3)C3=CC=[N+](C)C=C3)=C(N1C(=O)[C@H]2NC(=O)C(=N\OCC)\C1=NSC(NP(O)(O)=O)=N1)C([O-])=O,/tmp/pdb/4bn4_protein_stripped_no_ions.pdb
Naphazoline,C(C1=NCCN1)C1=CC=CC2=CC=CC=C12,/tmp/pdb/4bn4_protein_stripped_no_ions.pdb
Glycopyrrolate,C[N+]1(C)CCC(C1)OC(=O)C(O)(C1CCCC1)C1=CC=CC=C1,/tmp/pdb/4bn4_protein_stripped_no_ions.pdb
Protriptyline,CNCCCC1C2=CC=CC=C2C=CC2=CC=CC=C12,/tmp/pdb/4bn4_protein_stripped_no_ions.pdb
Lamotrigine,NC1=NC(N)=C(N=N1)C1=C(Cl)C(Cl)=CC=C1,/tmp/pdb/4bn4_protein_stripped_no_ions.pdb
Fenoldopam,OC1=CC=C(C=C1)C1CNCCC2=C(Cl)C(O)=C(O)C=C12,/tmp/pdb/4bn4_protein_stripped_no_ions.pdb
Aluminum hydroxide,[OH-].[OH-].[OH-].[Al+3],/tmp/pdb/4bn4_protein_stripped_no_ions.pdb
Pyridoxal,CC1=NC=C(CO)C(C=O)=C1O,/tmp/pdb/4bn4_protein_stripped_no_ions.pdb
Cinitapride,CCOC1=CC(N)=C(C=C1C(=O)NC1CCN(CC2CCC=CC2)CC1)[N+]([O-])=O,/tmp/pdb/4bn4_protein_stripped_no_ions.pdb
Progabide,NC(=O)CCCN\C(C1=CC=C(Cl)C=C1)=C1/C=C(F)C=CC1=O,/tmp/pdb/4bn4_protein_stripped_no_ions.pdb
Dinoprost Tromethamine,OCC(N)(CO)CO.CCCCC[C@H](O)\C=C\[C@H]1[C@H](O)C[C@H](O)[C@@H]1C\C=C/CCCC(O)=O,/tmp/pdb/4bn4_protein_stripped_no_ions.pdb
Pazopanib,CN(C1=CC2=NN(C)C(C)=C2C=C1)C1=CC=NC(NC2=CC=C(C)C(=C2)S(N)(=O)=O)=N1,/tmp/pdb/4bn4_protein_stripped_no_ions.pdb
Heptabarbital,CCC1(C(=O)NC(=O)NC1=O)C1=CCCCCC1,/tmp/pdb/4bn4_protein_stripped_no_ions.pdb
Ketazolam,CN1C2=C(C=C(Cl)C=C2)C2(OC(C)=CC(=O)N2CC1=O)C1=CC=CC=C1,/tmp/pdb/4bn4_protein_stripped_no_ions.pdb
Lofexidine,CC(OC1=C(Cl)C=CC=C1Cl)C1=NCCN1,/tmp/pdb/4bn4_protein_stripped_no_ions.pdb
Tazobactam,[H][C@@]12CC(=O)N1[C@@H](C(O)=O)[C@](C)(CN1C=CN=N1)S2(=O)=O,/tmp/pdb/4bn4_protein_stripped_no_ions.pdb
Tizanidine,ClC1=C(NC2=NCCN2)C2=NSN=C2C=C1,/tmp/pdb/4bn4_protein_stripped_no_ions.pdb
Butenafine,CN(CC1=CC=C(C=C1)C(C)(C)C)CC1=CC=CC2=CC=CC=C12,/tmp/pdb/4bn4_protein_stripped_no_ions.pdb
Thiethylperazine,CCSC1=CC2=C(SC3=CC=CC=C3N2CCCN2CCN(C)CC2)C=C1,/tmp/pdb/4bn4_protein_stripped_no_ions.pdb
Glyburide,COC1=C(C=C(Cl)C=C1)C(=O)NCCC1=CC=C(C=C1)S(=O)(=O)NC(=O)NC1CCCCC1,/tmp/pdb/4bn4_protein_stripped_no_ions.pdb
Cisplatin,N[Pt](N)(Cl)Cl,/tmp/pdb/4bn4_protein_stripped_no_ions.pdb
Trisalicylate-choline,[Mg++].C[N+](C)(C)CCO.OC1=CC=CC=C1C([O-])=O.OC1=CC=CC=C1C([O-])=O.OC1=CC=CC=C1C([O-])=O,/tmp/pdb/4bn4_protein_stripped_no_ions.pdb
Mirtazapine,CN1CCN2C(C1)C1=CC=CC=C1CC1=C2N=CC=C1,/tmp/pdb/4bn4_protein_stripped_no_ions.pdb
Phenoxybenzamine,CC(COC1=CC=CC=C1)N(CCCl)CC1=CC=CC=C1,/tmp/pdb/4bn4_protein_stripped_no_ions.pdb
Ciclesonide,[H][C@@]12C[C@@]3([H])[C@]4([H])CCC5=CC(=O)C=C[C@]5(C)[C@@]4([H])[C@@H](O)C[C@]3(C)[C@@]1(OC(O2)C1CCCCC1)C(=O)COC(=O)C(C)C,/tmp/pdb/4bn4_protein_stripped_no_ions.pdb
Trilostane,[H][C@]12O[C@]11CC[C@@]3([H])[C@]4([H])CC[C@H](O)[C@@]4(C)CC[C@]3([H])[C@@]1(C)CC(C#N)=C2O,/tmp/pdb/4bn4_protein_stripped_no_ions.pdb
Cefradine,[H][C@]12SCC(C)=C(N1C(=O)[C@H]2NC(=O)[C@H](N)C1=CCC=CC1)C(O)=O,/tmp/pdb/4bn4_protein_stripped_no_ions.pdb
Roxatidine acetate,CC(=O)OCC(=O)NCCCOC1=CC=CC(CN2CCCCC2)=C1,/tmp/pdb/4bn4_protein_stripped_no_ions.pdb
Bentiromide,OC(=O)C1=CC=C(NC(=O)[C@H](CC2=CC=C(O)C=C2)NC(=O)C2=CC=CC=C2)C=C1,/tmp/pdb/4bn4_protein_stripped_no_ions.pdb
Triamterene,NC1=NC(N)=C2N=C(C(N)=NC2=N1)C1=CC=CC=C1,/tmp/pdb/4bn4_protein_stripped_no_ions.pdb
Lindane,Cl[C@H]1[C@H](Cl)[C@@H](Cl)[C@@H](Cl)[C@H](Cl)[C@H]1Cl,/tmp/pdb/4bn4_protein_stripped_no_ions.pdb
Vardenafil,CCCC1=NC(C)=C2N1NC(=NC2=O)C1=C(OCC)C=CC(=C1)S(=O)(=O)N1CCN(CC)CC1,/tmp/pdb/4bn4_protein_stripped_no_ions.pdb
Chlorpropamide,CCCNC(=O)NS(=O)(=O)C1=CC=C(Cl)C=C1,/tmp/pdb/4bn4_protein_stripped_no_ions.pdb
Cloxacillin,[H][C@]12SC(C)(C)[C@@H](N1C(=O)[C@H]2NC(=O)C1=C(C)ON=C1C1=CC=CC=C1Cl)C(O)=O,/tmp/pdb/4bn4_protein_stripped_no_ions.pdb
Hyoscyamine,CN1[C@H]2CC[C@@H]1C[C@@H](C2)OC(=O)[C@H](CO)C1=CC=CC=C1,/tmp/pdb/4bn4_protein_stripped_no_ions.pdb
Indecainide,CC(C)NCCCC1(C(N)=O)C2=CC=CC=C2C2=CC=CC=C12,/tmp/pdb/4bn4_protein_stripped_no_ions.pdb
Spirapril,CCOC(=O)[C@H](CCC1=CC=CC=C1)N[C@@H](C)C(=O)N1CC2(C[C@H]1C(O)=O)SCCS2,/tmp/pdb/4bn4_protein_stripped_no_ions.pdb
Procarbazine,CNNCC1=CC=C(C=C1)C(=O)NC(C)C,/tmp/pdb/4bn4_protein_stripped_no_ions.pdb
Fluvoxamine,COCCCCC(=NOCCN)C1=CC=C(C=C1)C(F)(F)F,/tmp/pdb/4bn4_protein_stripped_no_ions.pdb
Mupirocin,C[C@H](O)[C@H](C)[C@@H]1O[C@H]1C[C@H]1CO[C@@H](C\C(C)=C\C(=O)OCCCCCCCCC(O)=O)[C@H](O)[C@@H]1O,/tmp/pdb/4bn4_protein_stripped_no_ions.pdb
Clofazimine,CC(C)N=C1C=C2N(C3=CC=C(Cl)C=C3)C3=C(C=CC=C3)N=C2C=C1NC1=CC=C(Cl)C=C1,/tmp/pdb/4bn4_protein_stripped_no_ions.pdb
Propranolol,CC(C)NCC(O)COC1=CC=CC2=CC=CC=C12,/tmp/pdb/4bn4_protein_stripped_no_ions.pdb
Stavudine,CC1=CN([C@@H]2O[C@H](CO)C=C2)C(=O)NC1=O,/tmp/pdb/4bn4_protein_stripped_no_ions.pdb
Malathion,CCOC(=O)CC(SP(=S)(OC)OC)C(=O)OCC,/tmp/pdb/4bn4_protein_stripped_no_ions.pdb
Rimexolone,CCC(=O)[C@@]1(C)[C@H](C)CC2C3CCC4=CC(=O)C=C[C@]4(C)C3[C@@H](O)C[C@]12C,/tmp/pdb/4bn4_protein_stripped_no_ions.pdb
Biperiden,OC(CCN1CCCCC1)(C1CC2CC1C=C2)C1=CC=CC=C1,/tmp/pdb/4bn4_protein_stripped_no_ions.pdb
Donepezil,COC1=C(OC)C=C2C(=O)C(CC3CCN(CC4=CC=CC=C4)CC3)CC2=C1,/tmp/pdb/4bn4_protein_stripped_no_ions.pdb
Morphine,[H][C@@]12OC3=C(O)C=CC4=C3[C@@]11CCN(C)[C@]([H])(C4)[C@]1([H])C=C[C@@H]2O,/tmp/pdb/4bn4_protein_stripped_no_ions.pdb
Cinoxacin,CCN1N=C(C(O)=O)C(=O)C2=CC3=C(OCO3)C=C12,/tmp/pdb/4bn4_protein_stripped_no_ions.pdb
Rescinnamine,[H][C@]12C[C@@H](OC(=O)C=CC3=CC(OC)=C(OC)C(OC)=C3)[C@H](OC)[C@@H](C(=O)OC)[C@@]1([H])C[C@@]1([H])N(CCC3=C1NC1=C3C=CC(OC)=C1)C2,/tmp/pdb/4bn4_protein_stripped_no_ions.pdb
Aminocaproic Acid,NCCCCCC(O)=O,/tmp/pdb/4bn4_protein_stripped_no_ions.pdb
Propylthiouracil,CCCC1=CC(=O)NC(=S)N1,/tmp/pdb/4bn4_protein_stripped_no_ions.pdb
Niacin,OC(=O)C1=CN=CC=C1,/tmp/pdb/4bn4_protein_stripped_no_ions.pdb
Metharbital,CCC1(CC)C(=O)NC(=O)N(C)C1=O,/tmp/pdb/4bn4_protein_stripped_no_ions.pdb
Vigabatrin,NC(CCC(O)=O)C=C,/tmp/pdb/4bn4_protein_stripped_no_ions.pdb
Bosutinib,COC1=CC(NC2=C(C=NC3=CC(OCCCN4CCN(C)CC4)=C(OC)C=C23)C#N)=C(Cl)C=C1Cl,/tmp/pdb/4bn4_protein_stripped_no_ions.pdb
Succimer,OC(=O)C(S)C(S)C(O)=O,/tmp/pdb/4bn4_protein_stripped_no_ions.pdb
Epoprostenol,[H][C@]12C[C@@H](O)[C@H](\C=C\[C@@H](O)CCCCC)[C@@]1([H])CC(O2)=CCCCC(O)=O,/tmp/pdb/4bn4_protein_stripped_no_ions.pdb
Difluprednate,[H][C@@]12CC[C@](OC(=O)CCC)(C(=O)COC(C)=O)[C@@]1(C)C[C@H](O)[C@@]1(F)[C@@]2([H])C[C@H](F)C2=CC(=O)C=C[C@]12C,/tmp/pdb/4bn4_protein_stripped_no_ions.pdb
Misoprostol,CCCCC(C)(O)C\C=C\[C@H]1[C@H](O)CC(=O)[C@@H]1CCCCCCC(=O)OC,/tmp/pdb/4bn4_protein_stripped_no_ions.pdb
Clonazepam,[O-][N+](=O)C1=CC2=C(NC(=O)CN=C2C2=CC=CC=C2Cl)C=C1,/tmp/pdb/4bn4_protein_stripped_no_ions.pdb
Methacycline,CN(C)[C@H]1[C@@H]2[C@@H](O)[C@@H]3C(=C)C4=C(C(O)=CC=C4)C(=O)C3=C(O)[C@]2(O)C(=O)C(C(N)=O)C1=O,/tmp/pdb/4bn4_protein_stripped_no_ions.pdb
Icatibant,[H][C@]12CC(N(C(=O)C3CC4=CC=CC=C4CN3C(=O)[C@H](CO)NC(=O)[C@H](CC3=CC=CS3)NC(=O)CNC(=O)C3C[C@@H](O)CN3C(=O)C3CCCN3C(=O)C(CCCN=C(N)N)NC(=O)[C@H](N)CCCN=C(N)N)[C@@]1([H])CCCC2)C(=O)N[C@@H](CCCN=C(N)N)C(O)=O,/tmp/pdb/4bn4_protein_stripped_no_ions.pdb
Perindopril,[H][C@]12C[C@H](N(C(=O)[C@H](C)N[C@@H](CCC)C(=O)OCC)[C@@]1([H])CCCC2)C(O)=O,/tmp/pdb/4bn4_protein_stripped_no_ions.pdb
Exemestane,[H][C@@]12CCC(=O)[C@@]1(C)CC[C@@]1([H])[C@@]2([H])CC(=C)C2=CC(=O)C=C[C@]12C,/tmp/pdb/4bn4_protein_stripped_no_ions.pdb
Prednisolone,[H][C@@]12CC[C@](O)(C(=O)CO)[C@@]1(C)C[C@H](O)[C@@]1([H])[C@@]2([H])CCC2=CC(=O)C=C[C@]12C,/tmp/pdb/4bn4_protein_stripped_no_ions.pdb
Acarbose,C[C@H]1O[C@H](O[C@@H]2[C@@H](CO)O[C@H](O[C@@H]3[C@@H](CO)O[C@@H](O)[C@H](O)[C@H]3O)[C@H](O)[C@H]2O)[C@H](O)[C@@H](O)[C@@H]1N[C@H]1C=C(CO)[C@H](O)[C@H](O)[C@H]1O,/tmp/pdb/4bn4_protein_stripped_no_ions.pdb
Loratadine,CCOC(=O)N1CCC(CC1)=C1C2=C(CCC3=C1N=CC=C3)C=C(Cl)C=C2,/tmp/pdb/4bn4_protein_stripped_no_ions.pdb
Meprobamate,CCCC(C)(COC(N)=O)COC(N)=O,/tmp/pdb/4bn4_protein_stripped_no_ions.pdb
Prednisone,[H][C@@]12CC[C@](O)(C(=O)CO)[C@@]1(C)CC(=O)[C@@]1([H])[C@@]2([H])CCC2=CC(=O)C=C[C@]12C,/tmp/pdb/4bn4_protein_stripped_no_ions.pdb
Propafenone,CCCNCC(O)COC1=CC=CC=C1C(=O)CCC1=CC=CC=C1,/tmp/pdb/4bn4_protein_stripped_no_ions.pdb
Verteporfin,COC(=O)CCC1=C2NC(\C=C3/N=C(/C=C4\N\C(=C/C5=N/C(=C\2)/C(CCC(O)=O)=C5C)C(C=C)=C4C)C2=CC=C([C@@H](C(=O)OC)[C@@]32C)C(=O)OC)=C1C,/tmp/pdb/4bn4_protein_stripped_no_ions.pdb
Fosinopril,CCC(=O)OC(OP(=O)(CCCCC1=CC=CC=C1)CC(=O)N1C[C@@H](C[C@H]1C(O)=O)C1CCCCC1)C(C)C,/tmp/pdb/4bn4_protein_stripped_no_ions.pdb
Cysteamine,NCCS,/tmp/pdb/4bn4_protein_stripped_no_ions.pdb
Alendronate,NCCCC(O)(P(O)(O)=O)P(O)(O)=O,/tmp/pdb/4bn4_protein_stripped_no_ions.pdb
Budesonide,[H][C@@]12C[C@H]3OC(CCC)O[C@@]3(C(=O)CO)[C@@]1(C)C[C@H](O)[C@@]1([H])[C@@]2([H])CCC2=CC(=O)C=C[C@]12C,/tmp/pdb/4bn4_protein_stripped_no_ions.pdb
Calcitriol,C[C@H](CCCC(C)(C)O)[C@@]1([H])CC[C@@]2([H])\C(CCC[C@]12C)=C\C=C1\C[C@@H](O)C[C@H](O)C1=C,/tmp/pdb/4bn4_protein_stripped_no_ions.pdb
Cefamandole,[H][C@]12SCC(CSC3=NN=NN3C)=C(N1C(=O)[C@H]2NC(=O)[C@H](O)C1=CC=CC=C1)C(O)=O,/tmp/pdb/4bn4_protein_stripped_no_ions.pdb
Propantheline,CC(C)[N+](C)(CCOC(=O)C1C2=CC=CC=C2OC2=CC=CC=C12)C(C)C,/tmp/pdb/4bn4_protein_stripped_no_ions.pdb
Ximelagatran,CCOC(=O)CN[C@@H](C(=O)N1CC[C@H]1C(=O)NCC1=CC=C(C=C1)C(\N)=N\O)C1CCCCC1,/tmp/pdb/4bn4_protein_stripped_no_ions.pdb
Hydromorphone,[H][C@@]12OC3=C(O)C=CC4=C3[C@@]11CCN(C)[C@]([H])(C4)[C@]1([H])CCC2=O,/tmp/pdb/4bn4_protein_stripped_no_ions.pdb
Salicyclic acid,OC(=O)C1=CC=CC=C1O,/tmp/pdb/4bn4_protein_stripped_no_ions.pdb
Metoprolol,COCCC1=CC=C(OCC(O)CNC(C)C)C=C1,/tmp/pdb/4bn4_protein_stripped_no_ions.pdb
Cefdinir,[H][C@]12SCC(C=C)=C(N1C(=O)[C@H]2NC(=O)C(=N/O)\C1=CSC(N)=N1)C(O)=O,/tmp/pdb/4bn4_protein_stripped_no_ions.pdb
Ketoprofen,CC(C(O)=O)C1=CC(=CC=C1)C(=O)C1=CC=CC=C1,/tmp/pdb/4bn4_protein_stripped_no_ions.pdb
Mefenamic acid,CC1=C(C)C(NC2=CC=CC=C2C(O)=O)=CC=C1,/tmp/pdb/4bn4_protein_stripped_no_ions.pdb
Regorafenib,CNC(=O)C1=CC(OC2=CC(F)=C(NC(=O)NC3=CC=C(Cl)C(=C3)C(F)(F)F)C=C2)=CC=N1,/tmp/pdb/4bn4_protein_stripped_no_ions.pdb
Idarubicin,C[C@@H]1O[C@H](C[C@H](N)[C@@H]1O)O[C@H]1C[C@@](O)(CC2=C1C(O)=C1C(=O)C3=CC=CC=C3C(=O)C1=C2O)C(C)=O,/tmp/pdb/4bn4_protein_stripped_no_ions.pdb
Tiotropium,C[N+]1(C)[C@H]2CC(C[C@@H]1[C@@H]1O[C@H]21)OC(=O)C(O)(C1=CC=CS1)C1=CC=CS1,/tmp/pdb/4bn4_protein_stripped_no_ions.pdb
Fluticasone furoate,[H][C@@]12C[C@@H](C)[C@](OC(=O)C3=CC=CO3)(C(=O)SCF)[C@@]1(C)C[C@H](O)[C@@]1(F)[C@@]2([H])C[C@H](F)C2=CC(=O)C=C[C@]12C,/tmp/pdb/4bn4_protein_stripped_no_ions.pdb
Toremifene,CN(C)CCOC1=CC=C(C=C1)C(=C(\CCCl)C1=CC=CC=C1)\C1=CC=CC=C1,/tmp/pdb/4bn4_protein_stripped_no_ions.pdb
Bedaquiline,COC1=NC2=C(C=C(Br)C=C2)C=C1[C@@H](C1=CC=CC=C1)[C@@](O)(CCN(C)C)C1=CC=CC2=C1C=CC=C2,/tmp/pdb/4bn4_protein_stripped_no_ions.pdb
Metyrapone,CC(C)(C(=O)C1=CN=CC=C1)C1=CN=CC=C1,/tmp/pdb/4bn4_protein_stripped_no_ions.pdb
Telmisartan,CCCC1=NC2=C(C=C(C=C2C)C2=NC3=CC=CC=C3N2C)N1CC1=CC=C(C=C1)C1=CC=CC=C1C(O)=O,/tmp/pdb/4bn4_protein_stripped_no_ions.pdb
Talbutal,CCC(C)C1(CC=C)C(=O)NC(=O)NC1=O,/tmp/pdb/4bn4_protein_stripped_no_ions.pdb
Magnesium salicylate,[Mg++].OC1=CC=CC=C1C([O-])=O.OC1=CC=CC=C1C([O-])=O,/tmp/pdb/4bn4_protein_stripped_no_ions.pdb
Cyclobenzaprine,CN(C)CCC=C1C2=CC=CC=C2C=CC2=CC=CC=C12,/tmp/pdb/4bn4_protein_stripped_no_ions.pdb
Mycophenolate mofetil,COC1=C(C\C=C(/C)CCC(=O)OCCN2CCOCC2)C(O)=C2C(=O)OCC2=C1C,/tmp/pdb/4bn4_protein_stripped_no_ions.pdb
Diphenidol,OC(CCCN1CCCCC1)(C1=CC=CC=C1)C1=CC=CC=C1,/tmp/pdb/4bn4_protein_stripped_no_ions.pdb
Linezolid,CC(=O)NC[C@H]1CN(C(=O)O1)C1=CC(F)=C(C=C1)N1CCOCC1,/tmp/pdb/4bn4_protein_stripped_no_ions.pdb
Aztreonam,C[C@H]1[C@H](NC(=O)C(=N/OC(C)(C)C(=O)O)\C2=CSC([NH3+])=N2)C(=O)N1S([O-])(=O)=O,/tmp/pdb/4bn4_protein_stripped_no_ions.pdb
Tapentadol,CC[C@H]([C@@H](C)CN(C)C)C1=CC(O)=CC=C1,/tmp/pdb/4bn4_protein_stripped_no_ions.pdb
Sirolimus,[H][C@@]1(C[C@H](C)[C@]2([H])CC(=O)[C@H](C)\C=C(C)\[C@@H](O)[C@@H](OC)C(=O)[C@H](C)C[C@H](C)\C=C\C=C\C=C(C)\[C@H](C[C@]3([H])CC[C@@H](C)[C@@](O)(O3)C(=O)C(=O)N3CCCC[C@@]3([H])C(=O)O2)OC)CC[C@@H](O)[C@@H](C1)OC,/tmp/pdb/4bn4_protein_stripped_no_ions.pdb
Deferasirox,OC(=O)C1=CC=C(C=C1)N1N=C(N=C1C1=CC=CC=C1O)C1=CC=CC=C1O,/tmp/pdb/4bn4_protein_stripped_no_ions.pdb
Cefacetrile,[H][C@]12SCC(COC(C)=O)=C(N1C(=O)[C@H]2NC(=O)CC#N)C(O)=O,/tmp/pdb/4bn4_protein_stripped_no_ions.pdb
Fludarabine,NC1=C2N=CN([C@@H]3O[C@H](COP(O)(O)=O)[C@@H](O)[C@@H]3O)C2=NC(F)=N1,/tmp/pdb/4bn4_protein_stripped_no_ions.pdb
Buspirone,O=C1CC2(CCCC2)CC(=O)N1CCCCN1CCN(CC1)C1=NC=CC=N1,/tmp/pdb/4bn4_protein_stripped_no_ions.pdb
Cefixime,[H][C@]12SCC(C=C)=C(N1C(=O)[C@H]2NC(=O)C(=N/OCC(O)=O)\C1=CSC(N)=N1)C(O)=O,/tmp/pdb/4bn4_protein_stripped_no_ions.pdb
Indomethacin,COC1=CC2=C(C=C1)N(C(=O)C1=CC=C(Cl)C=C1)C(C)=C2CC(O)=O,/tmp/pdb/4bn4_protein_stripped_no_ions.pdb
Succinic acid,OC(=O)CCC(O)=O,/tmp/pdb/4bn4_protein_stripped_no_ions.pdb
Nitisinone,[O-][N+](=O)C1=C(C=CC(=C1)C(F)(F)F)C(=O)C1C(=O)CCCC1=O,/tmp/pdb/4bn4_protein_stripped_no_ions.pdb
Betaxolol,CC(C)NCC(O)COC1=CC=C(CCOCC2CC2)C=C1,/tmp/pdb/4bn4_protein_stripped_no_ions.pdb
Framycetin,NC[C@@H]1O[C@H](O[C@@H]2[C@@H](CO)O[C@@H](O[C@@H]3[C@@H](O)[C@H](N)C[C@H](N)[C@H]3O[C@H]3O[C@H](CN)[C@@H](O)[C@H](O)[C@H]3N)[C@@H]2O)[C@H](N)[C@@H](O)[C@@H]1O,/tmp/pdb/4bn4_protein_stripped_no_ions.pdb
Ruxolitinib,N#CC[C@H](C1CCCC1)N1C=C(C=N1)C1=C2C=CNC2=NC=N1,/tmp/pdb/4bn4_protein_stripped_no_ions.pdb
Dopamine,NCCC1=CC(O)=C(O)C=C1,/tmp/pdb/4bn4_protein_stripped_no_ions.pdb
Ethambutol,CC[C@@H](CO)NCCN[C@@H](CC)CO,/tmp/pdb/4bn4_protein_stripped_no_ions.pdb
Tetrabenazine,COC1=C(OC)C=C2C3CC(=O)C(CC(C)C)CN3CCC2=C1,/tmp/pdb/4bn4_protein_stripped_no_ions.pdb
Melphalan,N[C@@H](CC1=CC=C(C=C1)N(CCCl)CCCl)C(O)=O,/tmp/pdb/4bn4_protein_stripped_no_ions.pdb
Omeprazole,COC1=CC2=C(C=C1)N=C(N2)S(=O)CC1=NC=C(C)C(OC)=C1C,/tmp/pdb/4bn4_protein_stripped_no_ions.pdb
Valrubicin,CCCCC(=O)OCC(=O)[C@@]1(O)C[C@H](OC2CC(NC(=O)C(F)(F)F)C(O)C(C)O2)C2=C(C1)C(O)=C1C(=O)C3=C(C(=O)C1=C2O)C(OC)=CC=C3,/tmp/pdb/4bn4_protein_stripped_no_ions.pdb
Darunavir,[H][C@@]12CCO[C@]1([H])OC[C@@H]2OC(=O)N[C@@H](CC1=CC=CC=C1)[C@H](O)CN(CC(C)C)S(=O)(=O)C1=CC=C(N)C=C1,/tmp/pdb/4bn4_protein_stripped_no_ions.pdb
Clorazepate,OC(=O)C1N=C(C2=CC=CC=C2)C2=C(NC1=O)C=CC(Cl)=C2,/tmp/pdb/4bn4_protein_stripped_no_ions.pdb
Adenine,NC1=C2NC=NC2=NC=N1,/tmp/pdb/4bn4_protein_stripped_no_ions.pdb
Methyprylon,CCC1(CC)C(=O)NCC(C)C1=O,/tmp/pdb/4bn4_protein_stripped_no_ions.pdb
Zidovudine,CC1=CN([C@H]2C[C@H](N=[N+]=[N-])[C@@H](CO)O2)C(=O)NC1=O,/tmp/pdb/4bn4_protein_stripped_no_ions.pdb
Methylergonovine,[H][C@@]12CC3=CNC4=CC=CC(=C34)C1=C[C@H](CN2C)C(=O)N[C@@H](CC)CO,/tmp/pdb/4bn4_protein_stripped_no_ions.pdb
Sulfadiazine,NC1=CC=C(C=C1)S(=O)(=O)NC1=NC=CC=N1,/tmp/pdb/4bn4_protein_stripped_no_ions.pdb
Atenolol,CC(C)NCC(O)COC1=CC=C(CC(N)=O)C=C1,/tmp/pdb/4bn4_protein_stripped_no_ions.pdb
Nafarelin,CC(C)CC(NC(=O)C(CC1=CC2=CC=CC=C2C=C1)NC(=O)C(CC1=CC=C(O)C=C1)NC(=O)C(CO)NC(=O)C(CC1=CNC2=CC=CC=C12)NC(=O)C(CC1=CNC=N1)NC(=O)C1CCC(=O)N1)C(=O)NC(CCCNC(N)=N)C(=O)N1CCCC1C(=O)NCC(N)=O,/tmp/pdb/4bn4_protein_stripped_no_ions.pdb
Ketamine,CNC1(CCCCC1=O)C1=CC=CC=C1Cl,/tmp/pdb/4bn4_protein_stripped_no_ions.pdb
Mestranol,[H][C@@]12CC[C@@](O)(C#C)[C@@]1(C)CC[C@]1([H])C3=C(CC[C@@]21[H])C=C(OC)C=C3,/tmp/pdb/4bn4_protein_stripped_no_ions.pdb
Clobazam,CN1C2=C(C=C(Cl)C=C2)N(C2=CC=CC=C2)C(=O)CC1=O,/tmp/pdb/4bn4_protein_stripped_no_ions.pdb
Molindone,CCC1=C(C)NC2=C1C(=O)C(CN1CCOCC1)CC2,/tmp/pdb/4bn4_protein_stripped_no_ions.pdb
Clenbuterol,CC(C)(C)NCC(O)C1=CC(Cl)=C(N)C(Cl)=C1,/tmp/pdb/4bn4_protein_stripped_no_ions.pdb
Triazolam,CC1=NN=C2CN=C(C3=CC=CC=C3Cl)C3=C(C=CC(Cl)=C3)N12,/tmp/pdb/4bn4_protein_stripped_no_ions.pdb
Flupenthixol,[H]C(CCN1CCN(CCO)CC1)=C1C2C=C(C=CC2SC2=C1C=CC=C2)C(F)(F)F,/tmp/pdb/4bn4_protein_stripped_no_ions.pdb
Mepenzolate,C[N+]1(C)CCCC(C1)OC(=O)C(O)(C1=CC=CC=C1)C1=CC=CC=C1,/tmp/pdb/4bn4_protein_stripped_no_ions.pdb
Methylphenobarbital,CCC1(C(=O)NC(=O)N(C)C1=O)C1=CC=CC=C1,/tmp/pdb/4bn4_protein_stripped_no_ions.pdb
Estradiol,[H][C@@]12CC[C@H](O)[C@@]1(C)CC[C@]1([H])C3=C(CC[C@@]21[H])C=C(O)C=C3,/tmp/pdb/4bn4_protein_stripped_no_ions.pdb
Norethindrone,[H][C@@]12CC[C@@](O)(C#C)[C@@]1(C)CC[C@]1([H])[C@@]3([H])CCC(=O)C=C3CC[C@@]21[H],/tmp/pdb/4bn4_protein_stripped_no_ions.pdb
Sodium stibogluconate,O.O.O.O.O.O.O.O.O.[Na+].[Na+].[Na+].[H][C@@]1(O[Sb]2(O)(O[Sb]34([O-])O[C@@H](C([O-])=O)[C@@]([H])(O3)[C@]([H])(O4)[C@H](O)CO)O[C@@H](C([O-])=O)[C@@]1([H])O2)[C@H](O)CO,/tmp/pdb/4bn4_protein_stripped_no_ions.pdb
Phenmetrazine,CC1NCCOC1C1=CC=CC=C1,/tmp/pdb/4bn4_protein_stripped_no_ions.pdb
Diatrizoate,CC(=O)NC1=C(I)C(C(O)=O)=C(I)C(NC(C)=O)=C1I,/tmp/pdb/4bn4_protein_stripped_no_ions.pdb
Temozolomide,CN1N=NC2=C(N=CN2C1=O)C(N)=O,/tmp/pdb/4bn4_protein_stripped_no_ions.pdb
Cyclizine,CN1CCN(CC1)C(C1=CC=CC=C1)C1=CC=CC=C1,/tmp/pdb/4bn4_protein_stripped_no_ions.pdb
Hydroxychloroquine,CCN(CCO)CCCC(C)NC1=C2C=CC(Cl)=CC2=NC=C1,/tmp/pdb/4bn4_protein_stripped_no_ions.pdb
Gadopentetate dimeglumine,[Gd+3].CNC[C@H](O)[C@@H](O)[C@H](O)[C@H](O)CO.CNC[C@H](O)[C@@H](O)[C@H](O)[C@H](O)CO.OC(=O)CN(CCN(CCN(CC(O)=O)CC([O-])=O)CC([O-])=O)CC([O-])=O,/tmp/pdb/4bn4_protein_stripped_no_ions.pdb
Vidarabine,NC1=NC=NC2=C1N=CN2[C@@H]1O[C@H](CO)[C@@H](O)[C@@H]1O,/tmp/pdb/4bn4_protein_stripped_no_ions.pdb
Avanafil,COC1=C(Cl)C=C(CNC2=C(C=NC(=N2)N2CCC[C@H]2CO)C(=O)NCC2=NC=CC=N2)C=C1,/tmp/pdb/4bn4_protein_stripped_no_ions.pdb
Cefotetan,[H][C@]12SCC(CSC3=NN=NN3C)=C(N1C(=O)[C@]2(NC(=O)C1SC(S1)=C(C(N)=O)C(O)=O)OC)C(O)=O,/tmp/pdb/4bn4_protein_stripped_no_ions.pdb
Piroxicam,CN1C(C(=O)NC2=NC=CC=C2)=C(O)C2=C(C=CC=C2)S1(=O)=O,/tmp/pdb/4bn4_protein_stripped_no_ions.pdb
Drostanolone,[H][C@@]12CC[C@H](O)[C@@]1(C)CC[C@@]1([H])[C@@]2([H])CC[C@@]2([H])CC(=O)[C@H](C)C[C@]12C,/tmp/pdb/4bn4_protein_stripped_no_ions.pdb
Rifapentine,CO[C@H]1\C=C\O[C@@]2(C)OC3=C(C2=O)C2=C(C(O)=C3C)C(O)=C(NC(=O)\C(C)=C/C=C/[C@H](C)[C@H](O)[C@@H](C)[C@@H](O)[C@@H](C)[C@H](OC(C)=O)[C@@H]1C)C(\C=N\N1CCN(CC1)C1CCCC1)=C2O,/tmp/pdb/4bn4_protein_stripped_no_ions.pdb
Iloperidone,COC1=C(OCCCN2CCC(CC2)C2=NOC3=C2C=CC(F)=C3)C=CC(=C1)C(C)=O,/tmp/pdb/4bn4_protein_stripped_no_ions.pdb
Flavoxate,CC1=C(OC2=C(C=CC=C2C(=O)OCCN2CCCCC2)C1=O)C1=CC=CC=C1,/tmp/pdb/4bn4_protein_stripped_no_ions.pdb
Proflavine,NC1=CC2=NC3=C(C=CC(N)=C3)C=C2C=C1,/tmp/pdb/4bn4_protein_stripped_no_ions.pdb
Dronedarone,CCCCN(CCCC)CCCOC1=CC=C(C=C1)C(=O)C1=C(CCCC)OC2=C1C=C(NS(C)(=O)=O)C=C2,/tmp/pdb/4bn4_protein_stripped_no_ions.pdb
Flurbiprofen,CC(C(O)=O)C1=CC(F)=C(C=C1)C1=CC=CC=C1,/tmp/pdb/4bn4_protein_stripped_no_ions.pdb
Guaifenesin,COC1=CC=CC=C1OCC(O)CO,/tmp/pdb/4bn4_protein_stripped_no_ions.pdb
Felbamate,NC(=O)OCC(COC(N)=O)C1=CC=CC=C1,/tmp/pdb/4bn4_protein_stripped_no_ions.pdb
Midodrine,COC1=CC(C(O)CNC(=O)CN)=C(OC)C=C1,/tmp/pdb/4bn4_protein_stripped_no_ions.pdb
Procaine,CCN(CC)CCOC(=O)C1=CC=C(N)C=C1,/tmp/pdb/4bn4_protein_stripped_no_ions.pdb
Gestodene,CC[C@]12CC[C@H]3[C@@H](CCC4=CC(=O)CC[C@H]34)[C@@H]1C=C[C@@]2(O)C#C,/tmp/pdb/4bn4_protein_stripped_no_ions.pdb
Flucloxacillin,[H][C@]12SC(C)(C)[C@@H](N1C(=O)[C@H]2NC(=O)C1=C(C)ON=C1C1=C(F)C=CC=C1Cl)C(O)=O,/tmp/pdb/4bn4_protein_stripped_no_ions.pdb
Valproic Acid,CCCC(CCC)C(O)=O,/tmp/pdb/4bn4_protein_stripped_no_ions.pdb
Lucanthone,CCN(CC)CCNC1=C2C(=O)C3=CC=CC=C3SC2=C(C)C=C1,/tmp/pdb/4bn4_protein_stripped_no_ions.pdb
Praziquantel,O=C(C1CCCCC1)N1CC2N(CCC3=CC=CC=C23)C(=O)C1,/tmp/pdb/4bn4_protein_stripped_no_ions.pdb
Procaterol,CC[C@H](NC(C)C)[C@H](O)C1=C2C=CC(=O)NC2=C(O)C=C1,/tmp/pdb/4bn4_protein_stripped_no_ions.pdb
Carfilzomib,CC(C)C[C@H](NC(=O)[C@H](CCC1=CC=CC=C1)NC(=O)CN1CCOCC1)C(=O)N[C@@H](CC1=CC=CC=C1)C(=O)N[C@@H](CC(C)C)C(=O)[C@@]1(C)CO1,/tmp/pdb/4bn4_protein_stripped_no_ions.pdb
Flurazepam,CCN(CC)CCN1C2=C(C=C(Cl)C=C2)C(=NCC1=O)C1=CC=CC=C1F,/tmp/pdb/4bn4_protein_stripped_no_ions.pdb
Adapalene,COC1=C(C=C(C=C1)C1=CC2=C(C=C1)C=C(C=C2)C(O)=O)C12CC3CC(CC(C3)C1)C2,/tmp/pdb/4bn4_protein_stripped_no_ions.pdb
Polymyxin B Sulfate,CCC(C)CCCCC(=O)NC(CCN)C(=O)NC(C(C)O)C(=O)NC(CCN)C(=O)NC1CCNC(=O)C(NC(=O)C(CCN)NC(=O)C(CCN)NC(=O)C(CC(C)C)NC(=O)C(CC2=CC=CC=C2)NC(=O)C(CCN)NC1=O)C(C)O,/tmp/pdb/4bn4_protein_stripped_no_ions.pdb
Chlorotrianisene,COC1=CC=C(C=C1)C(Cl)=C(C1=CC=C(OC)C=C1)C1=CC=C(OC)C=C1,/tmp/pdb/4bn4_protein_stripped_no_ions.pdb
Zolpidem,CN(C)C(=O)CC1=C(N=C2C=CC(C)=CN12)C1=CC=C(C)C=C1,/tmp/pdb/4bn4_protein_stripped_no_ions.pdb
Nalidixic Acid,CCN1C=C(C(O)=O)C(=O)C2=C1N=C(C)C=C2,/tmp/pdb/4bn4_protein_stripped_no_ions.pdb
Megestrol,[H][C@@]12CC[C@](O)(C(C)=O)[C@@]1(C)CC[C@@]1([H])[C@@]2([H])C=CC2=CC(=O)CC[C@]12C,/tmp/pdb/4bn4_protein_stripped_no_ions.pdb
Colistin,[H][C@]1(NC(=O)[C@H](CCN)NC(=O)[C@H](CCN)NC(=O)[C@H](CC(C)C)NC(=O)[C@@H](CC(C)C)NC(=O)[C@H](CCN)NC(=O)[C@H](CCNC1=O)NC(=O)[C@H](CCN)NC(=O)[C@@H](NC(=O)[C@H](CCN)NC(=O)CCCC(C)CC)[C@@H](C)O)[C@@H](C)O,/tmp/pdb/4bn4_protein_stripped_no_ions.pdb
Remifentanil,CCC(=O)N(C1=CC=CC=C1)C1(CCN(CCC(=O)OC)CC1)C(=O)OC,/tmp/pdb/4bn4_protein_stripped_no_ions.pdb
Methantheline,CC[N+](C)(CC)CCOC(=O)C1C2=CC=CC=C2OC2=CC=CC=C12,/tmp/pdb/4bn4_protein_stripped_no_ions.pdb
Alpha-Linolenic Acid,CC\C=C/C\C=C/C\C=C/CCCCCCCC(O)=O,/tmp/pdb/4bn4_protein_stripped_no_ions.pdb
Diphenylpyraline,CN1CCC(CC1)OC(C1=CC=CC=C1)C1=CC=CC=C1,/tmp/pdb/4bn4_protein_stripped_no_ions.pdb
Aminoglutethimide,CCC1(CCC(=O)NC1=O)C1=CC=C(N)C=C1,/tmp/pdb/4bn4_protein_stripped_no_ions.pdb
Milnacipran,CCN(CC)C(=O)[C@@]1(C[C@@H]1CN)C1=CC=CC=C1,/tmp/pdb/4bn4_protein_stripped_no_ions.pdb
Sertaconazole,ClC1=CC(Cl)=C(C=C1)C(CN1C=CN=C1)OCC1=CSC2=C1C=CC=C2Cl,/tmp/pdb/4bn4_protein_stripped_no_ions.pdb
Trospium,OC(C(=O)OC1CC2CCC(C1)[N+]21CCCC1)(C1=CC=CC=C1)C1=CC=CC=C1,/tmp/pdb/4bn4_protein_stripped_no_ions.pdb
Pirenzepine,CN1CCN(CC(=O)N2C3=CC=CC=C3C(=O)NC3=C2N=CC=C3)CC1,/tmp/pdb/4bn4_protein_stripped_no_ions.pdb
Rabeprazole,COCCCOC1=C(C)C(CS(=O)C2=NC3=CC=CC=C3N2)=NC=C1,/tmp/pdb/4bn4_protein_stripped_no_ions.pdb
Methimazole,CN1C=CNC1=S,/tmp/pdb/4bn4_protein_stripped_no_ions.pdb
Etomidate,CCOC(=O)C1=CN=CN1[C@H](C)C1=CC=CC=C1,/tmp/pdb/4bn4_protein_stripped_no_ions.pdb
Lactulose,OC[C@H]1O[C@](O)(CO)[C@@H](O)[C@@H]1O[C@@H]1O[C@H](CO)[C@H](O)[C@H](O)[C@H]1O,/tmp/pdb/4bn4_protein_stripped_no_ions.pdb
Benzyl alcohol,OCC1=CC=CC=C1,/tmp/pdb/4bn4_protein_stripped_no_ions.pdb
Ceftizoxime,[H][C@]12SCC=C(N1C(=O)[C@H]2NC(=O)C(=N/OC)\C1=CSC(N)=N1)C(O)=O,/tmp/pdb/4bn4_protein_stripped_no_ions.pdb
Milrinone,CC1=C(C=C(C#N)C(=O)N1)C1=CC=NC=C1,/tmp/pdb/4bn4_protein_stripped_no_ions.pdb
Metrizamide,CN(C(C)=O)C1=C(I)C(C(=O)N[C@H]2C(O)O[C@H](CO)[C@@H](O)[C@@H]2O)=C(I)C(NC(C)=O)=C1I,/tmp/pdb/4bn4_protein_stripped_no_ions.pdb
Cefazolin,[H][C@]12SCC(CSC3=NN=C(C)S3)=C(N1C(=O)[C@H]2NC(=O)CN1C=NN=N1)C(O)=O,/tmp/pdb/4bn4_protein_stripped_no_ions.pdb
Isoflurophate,CC(C)OP(F)(=O)OC(C)C,/tmp/pdb/4bn4_protein_stripped_no_ions.pdb
Zopiclone,CN1CCN(CC1)C(=O)OC1N(C(=O)C2=NC=CN=C12)C1=NC=C(Cl)C=C1,/tmp/pdb/4bn4_protein_stripped_no_ions.pdb
Clodronate,OP(O)(=O)C(Cl)(Cl)P(O)(O)=O,/tmp/pdb/4bn4_protein_stripped_no_ions.pdb
Furazolidone,[O-][N+](=O)C1=CC=C(O1)C=NN1CCOC1=O,/tmp/pdb/4bn4_protein_stripped_no_ions.pdb
Thiopental,CCCC(C)C1(CC)C(=O)NC(=S)NC1=O,/tmp/pdb/4bn4_protein_stripped_no_ions.pdb
Raltitrexed,CN(CC1=CC2=C(NC(C)=NC2=O)C=C1)C1=CC=C(S1)C(=O)N[C@@H](CCC(O)=O)C(O)=O,/tmp/pdb/4bn4_protein_stripped_no_ions.pdb
Imipenem,[H][C@]12CC(SCC\N=C\N)=C(N1C(=O)[C@]2([H])[C@@H](C)O)C(O)=O,/tmp/pdb/4bn4_protein_stripped_no_ions.pdb
Benzyl Benzoate,O=C(OCC1=CC=CC=C1)C1=CC=CC=C1,/tmp/pdb/4bn4_protein_stripped_no_ions.pdb
Octreotide,C[C@@H](O)[C@@H](CO)NC(=O)[C@@H]1CSSC[C@H](NC(=O)[C@H](N)CC2=CC=CC=C2)C(=O)N[C@@H](CC2=CC=CC=C2)C(=O)N[C@H](CC2=CNC3=C2C=CC=C3)C(=O)N[C@@H](CCCCN)C(=O)N[C@@H](C(C)O)C(=O)N1,/tmp/pdb/4bn4_protein_stripped_no_ions.pdb
Silver sulfadiazine,[Ag+].NC1=CC=C(C=C1)S(=O)(=O)[N-]C1=NC=CC=N1,/tmp/pdb/4bn4_protein_stripped_no_ions.pdb
Olmesartan,CCCC1=NC(=C(N1CC1=CC=C(C=C1)C1=C(C=CC=C1)C1=NN=NN1)C(O)=O)C(C)(C)O,/tmp/pdb/4bn4_protein_stripped_no_ions.pdb
Betahistine,CNCCC1=CC=CC=N1,/tmp/pdb/4bn4_protein_stripped_no_ions.pdb
Meloxicam,CN1C(C(=O)NC2=NC=C(C)S2)=C(O)C2=C(C=CC=C2)S1(=O)=O,/tmp/pdb/4bn4_protein_stripped_no_ions.pdb
Pioglitazone,CCC1=CN=C(CCOC2=CC=C(CC3SC(=O)NC3=O)C=C2)C=C1,/tmp/pdb/4bn4_protein_stripped_no_ions.pdb
Levobunolol,CC(C)(C)NC[C@H](O)COC1=CC=CC2=C1CCCC2=O,/tmp/pdb/4bn4_protein_stripped_no_ions.pdb
Dapiprazole,CC1=CC=CC=C1N1CCN(CCC2=NN=C3CCCCN23)CC1,/tmp/pdb/4bn4_protein_stripped_no_ions.pdb
Diclofenac,OC(=O)CC1=CC=CC=C1NC1=C(Cl)C=CC=C1Cl,/tmp/pdb/4bn4_protein_stripped_no_ions.pdb
Oxtriphylline,C[N+](C)(C)CCO.CN1C2=C([N-]C=N2)C(=O)N(C)C1=O,/tmp/pdb/4bn4_protein_stripped_no_ions.pdb
Propofol,CC(C)C1=CC=CC(C(C)C)=C1O,/tmp/pdb/4bn4_protein_stripped_no_ions.pdb
Dihydroergotoxine,CS(O)(=O)=O.[H][C@@]12CCCN1C(=O)[C@H](CC1=CC=CC=C1)N1C(=O)[C@](C)(NC(=O)[C@@H]3CC4C5=C6C(C[C@@]4([H])N(C)C3)=CNC6=CC=C5)O[C@@]21O,/tmp/pdb/4bn4_protein_stripped_no_ions.pdb
Medrysone,[H][C@@]12CC[C@H](C(C)=O)[C@@]1(C)C[C@H](O)[C@@]1([H])[C@@]2([H])C[C@H](C)C2=CC(=O)CC[C@]12C,/tmp/pdb/4bn4_protein_stripped_no_ions.pdb
Histamine Phosphate,OP(O)(O)=O.OP(O)(O)=O.NCCC1=CN=CN1,/tmp/pdb/4bn4_protein_stripped_no_ions.pdb
Nicardipine,COC(=O)C1=C(C)NC(C)=C(C1C1=CC(=CC=C1)[N+]([O-])=O)C(=O)OCCN(C)CC1=CC=CC=C1,/tmp/pdb/4bn4_protein_stripped_no_ions.pdb
Iobenguane,NC(N)=NCC1=CC(I)=CC=C1,/tmp/pdb/4bn4_protein_stripped_no_ions.pdb
Nadolol,CC(C)(C)NCC(O)COC1=CC=CC2=C1C[C@H](O)[C@H](O)C2,/tmp/pdb/4bn4_protein_stripped_no_ions.pdb
Celecoxib,CC1=CC=C(C=C1)C1=CC(=NN1C1=CC=C(C=C1)S(N)(=O)=O)C(F)(F)F,/tmp/pdb/4bn4_protein_stripped_no_ions.pdb
Ketorolac,OC(=O)C1CCN2C1=CC=C2C(=O)C1=CC=CC=C1,/tmp/pdb/4bn4_protein_stripped_no_ions.pdb
Testosterone,[H][C@@]12CC[C@H](O)[C@@]1(C)CC[C@@]1([H])[C@@]2([H])CCC2=CC(=O)CC[C@]12C,/tmp/pdb/4bn4_protein_stripped_no_ions.pdb
Norepinephrine,NC[C@H](O)C1=CC(O)=C(O)C=C1,/tmp/pdb/4bn4_protein_stripped_no_ions.pdb
Nafcillin,[H][C@]12SC(C)(C)[C@@H](N1C(=O)[C@H]2NC(=O)C1=C(OCC)C=CC2=CC=CC=C12)C(O)=O,/tmp/pdb/4bn4_protein_stripped_no_ions.pdb
Butabarbital,CCC(C)C1(CC)C(=O)NC(=O)NC1=O,/tmp/pdb/4bn4_protein_stripped_no_ions.pdb
Trimethoprim,COC1=CC(CC2=CN=C(N)N=C2N)=CC(OC)=C1OC,/tmp/pdb/4bn4_protein_stripped_no_ions.pdb
